id,first_name,last_name,email,gender,ip_address,passwd,registered
1,Saudra,Climie,sclimie0@theguardian.com,Genderfluid,167.222.225.113,,
2,Skelly,Taks,staks1@soup.io,Non-binary,192.129.94.213,,
3,Buffy,Daniely,bdaniely2@cornell.edu,Male,48.231.54.140,,
4,Peyton,Manass,pmanass3@cafepress.com,Genderfluid,223.90.203.53,,
5,Myrta,McRamsey,mmcramsey4@wix.com,Genderfluid,128.149.145.44,,
6,Obie,Cammidge,ocammidge5@yale.edu,Male,90.77.87.193,,
7,Matti,Bunt,mbunt6@examiner.com,Male,119.187.33.239,,
8,Clim,Goode,cgoode7@china.com.cn,Polygender,84.85.217.178,,
9,Prescott,Lugsdin,plugsdin8@dyndns.org,Non-binary,9.94.0.138,,
10,Brande,Nobles,bnobles9@jiathis.com,Bigender,92.24.85.5,,
11,Mathew,Albro,malbroa@bigcartel.com,Bigender,218.8.95.114,,
12,Barbara,Humpherson,bhumphersonb@deliciousdays.com,Female,137.38.52.35,,
13,Wolf,Dundin,wdundinc@parallels.com,Agender,29.47.175.89,,
14,Nappie,Fitter,nfitterd@tuttocitta.it,Polygender,39.124.77.140,,
15,Leodora,Shegog,lshegoge@scribd.com,Agender,189.233.123.75,,
16,De,Gavan,dgavanf@multiply.com,Non-binary,210.180.119.66,,
17,Laurie,Clewett,lclewettg@japanpost.jp,Non-binary,244.156.49.215,,
18,Kelley,Vasichev,kvasichevh@example.com,Agender,68.77.223.19,,
19,Dorie,Shelliday,dshellidayi@ucla.edu,Female,217.179.5.120,,
20,Jaye,Janousek,jjanousekj@deliciousdays.com,Non-binary,38.122.240.227,,
21,Claire,Crebott,ccrebottk@aol.com,Bigender,240.200.153.221,,
22,Kimberlee,Shingfield,kshingfieldl@phpbb.com,Female,50.80.211.201,,
23,Earl,Hatherill,ehatherillm@alexa.com,Polygender,239.219.111.129,,
24,Quent,Gabbitus,qgabbitusn@nydailynews.com,Genderfluid,229.29.36.157,,
25,Carline,Snarr,csnarro@admin.ch,Genderfluid,127.232.200.145,,
26,Maudie,Cansdill,mcansdillp@blogspot.com,Bigender,199.28.20.8,,
27,Donnie,Kayzer,dkayzerq@symantec.com,Polygender,114.100.226.197,,
28,Mia,De Atta,mdeattar@china.com.cn,Polygender,110.247.81.123,,
29,Joete,Meek,jmeeks@cbslocal.com,Bigender,235.31.45.130,,
30,Tabbatha,Sleep,tsleept@umn.edu,Female,92.35.159.243,,
31,Ruby,Stirtle,rstirtleu@barnesandnoble.com,Genderfluid,210.39.73.42,,
32,Lolita,Serrell,lserrellv@yandex.ru,Agender,234.37.10.126,,
33,Talyah,Jagoe,tjagoew@constantcontact.com,Genderfluid,127.103.137.98,,
34,Darsey,Melbourne,dmelbournex@google.ru,Genderfluid,8.56.226.139,,
35,Wesley,Waterfall,wwaterfally@cornell.edu,Male,101.244.156.236,,
36,Gauthier,Plitz,gplitzz@sakura.ne.jp,Agender,63.118.248.123,,
37,Cos,Noseworthy,cnoseworthy10@booking.com,Male,190.246.150.86,,
38,Chandal,Boick,cboick11@sina.com.cn,Male,130.27.43.237,,
39,Holly,Bann,hbann12@acquirethisname.com,Genderfluid,57.246.47.235,,
40,Rheta,Mirrlees,rmirrlees13@taobao.com,Female,111.189.162.214,,
41,Gale,Josovich,gjosovich14@patch.com,Genderqueer,20.245.61.151,,
42,Jon,Dolden,jdolden15@sciencedaily.com,Bigender,114.166.105.190,,
43,Pansy,Shillitoe,pshillitoe16@hostgator.com,Female,90.88.173.53,,
44,Igor,Backwell,ibackwell17@newyorker.com,Polygender,22.177.228.236,,
45,Terrye,Sutty,tsutty18@list-manage.com,Bigender,19.133.254.45,,
46,Storm,Daughton,sdaughton19@dell.com,Non-binary,137.252.83.216,,
47,Jan,Pidwell,jpidwell1a@slashdot.org,Female,28.37.178.229,,
48,Geralda,Duinbleton,gduinbleton1b@home.pl,Polygender,194.204.242.4,,
49,Pet,Noore,pnoore1c@spotify.com,Genderfluid,181.136.235.231,,
50,Hilde,Fazzioli,hfazzioli1d@deliciousdays.com,Male,64.222.51.75,,
51,Dov,Russell,drussell1e@reference.com,Male,232.41.109.186,,
52,Murielle,Elmar,melmar1f@taobao.com,Polygender,214.34.206.102,,
53,Abbye,Friedlos,afriedlos1g@ted.com,Polygender,90.55.50.162,,
54,Susette,Kightly,skightly1h@xrea.com,Polygender,9.131.111.19,,
55,Frans,Artharg,fartharg1i@1688.com,Agender,126.174.205.108,,
56,Irwinn,Atling,iatling1j@indiatimes.com,Genderqueer,182.201.14.143,,
57,Cyrill,Duffan,cduffan1k@issuu.com,Bigender,114.209.100.16,,
58,Bernardine,Gentery,bgentery1l@webmd.com,Genderfluid,109.20.117.1,,
59,Massimo,Hussell,mhussell1m@dropbox.com,Genderfluid,55.34.251.93,,
60,Sibylla,Ettles,settles1n@reddit.com,Bigender,20.135.77.9,,
61,Silva,Rodenhurst,srodenhurst1o@fc2.com,Bigender,38.131.40.42,,
62,Melody,De Francisci,mdefrancisci1p@tripod.com,Genderqueer,213.254.237.129,,
63,Catie,Harriman,charriman1q@stumbleupon.com,Polygender,210.227.237.193,,
64,Rory,Klauer,rklauer1r@kickstarter.com,Agender,79.21.150.116,,
65,Ninnette,de Glanville,ndeglanville1s@macromedia.com,Non-binary,135.68.86.214,,
66,Maryjane,Fritchly,mfritchly1t@google.pl,Polygender,37.140.71.35,,
67,Robinet,Draysay,rdraysay1u@wordpress.org,Genderfluid,77.149.80.103,,
68,Anett,Chavey,achavey1v@google.com.br,Polygender,45.16.81.204,,
69,Nicki,Tottem,ntottem1w@wikipedia.org,Female,108.81.211.248,,
70,Joyan,Gateley,jgateley1x@google.fr,Non-binary,137.43.120.112,,
71,Gretal,Eaken,geaken1y@phpbb.com,Polygender,153.244.229.140,,
72,Maible,Nowak,mnowak1z@dell.com,Genderqueer,10.51.3.136,,
73,Rickey,Darlaston,rdarlaston20@delicious.com,Genderqueer,17.41.135.195,,
74,Gretel,Legging,glegging21@yahoo.com,Male,136.65.156.77,,
75,Ade,Brittan,abrittan22@deliciousdays.com,Female,33.33.169.210,,
76,Marissa,Mealham,mmealham23@meetup.com,Female,135.68.71.165,,
77,Dale,Liebrecht,dliebrecht24@tinyurl.com,Genderfluid,45.192.225.235,,
78,Dag,Neasham,dneasham25@springer.com,Bigender,48.175.47.118,,
79,Davide,Benton,dbenton26@baidu.com,Bigender,183.155.107.28,,
80,Candace,Busek,cbusek27@storify.com,Male,1.126.255.130,,
81,Noella,Johnigan,njohnigan28@ox.ac.uk,Agender,216.61.225.151,,
82,Wilbur,Paulucci,wpaulucci29@earthlink.net,Polygender,224.59.18.84,,
83,Emmey,Chicco,echicco2a@de.vu,Bigender,21.162.103.188,,
84,Odele,Gillio,ogillio2b@usgs.gov,Genderqueer,215.28.128.83,,
85,Teodoor,Fawdry,tfawdry2c@blinklist.com,Non-binary,36.7.62.10,,
86,Kyle,Percy,kpercy2d@webeden.co.uk,Male,83.93.201.163,,
87,Emelda,Vigar,evigar2e@answers.com,Female,241.38.240.229,,
88,Cristen,Calderwood,ccalderwood2f@usatoday.com,Polygender,98.69.123.64,,
89,Anatol,Leyburn,aleyburn2g@oaic.gov.au,Female,67.251.234.249,,
90,Gert,Farrens,gfarrens2h@domainmarket.com,Genderfluid,27.117.227.157,,
91,Pietra,Farrar,pfarrar2i@1und1.de,Male,209.159.236.116,,
92,Reider,Looks,rlooks2j@independent.co.uk,Genderqueer,29.203.191.77,,
93,Rene,Summerton,rsummerton2k@skype.com,Female,45.66.29.155,,
94,Aeriel,Crommett,acrommett2l@hibu.com,Bigender,138.82.69.127,,
95,Mateo,Grose,mgrose2m@weather.com,Genderqueer,19.148.63.243,,
96,Vassili,Bloxham,vbloxham2n@dell.com,Female,197.25.99.217,,
97,Eolanda,Tegler,etegler2o@columbia.edu,Bigender,154.201.98.117,,
98,Yance,Monkley,ymonkley2p@umn.edu,Polygender,214.199.169.190,,
99,Gaspard,Raynor,graynor2q@instagram.com,Non-binary,180.202.174.168,,
100,Harriette,Finder,hfinder2r@dedecms.com,Genderfluid,59.236.110.10,,
